{"cameraMode":{"drawMode":0,"name":"Shaded","section":"Shading Mode"},"sceneLighting":true,"audioPlay":false,"sceneViewState":{"m_AlwaysRefresh":false,"showFog":true,"showSkybox":true,"showFlares":true,"showImageEffects":true,"showParticleSystems":true,"showVisualEffectGraphs":true,"m_FxEnabled":true},"in2DMode":false,"pivot":{"x":-0.3013680577278137,"y":-0.3330634832382202,"z":0.9494137763977051},"rotation":{"x":0.2710060477256775,"y":-0.020212305709719659,"z":0.005691961385309696,"w":0.9623490571975708},"size":3.0183377265930177,"orthographic":false}